# predictions,trojaned_prediction,true_labels
1.49241,1.80606,-1.21310
1.64196,2.26539,0.21165
1.75204,1.80356,-0.03932
1.79274,1.68317,0.35345
2.08714,2.27031,0.30785
1.86247,1.61195,-0.11868
2.03556,1.85276,-0.04253
2.06832,1.91979,-0.21468
1.60509,1.61189,-0.48871
2.52215,1.88517,-0.28449
1.89056,1.41338,-0.13963
1.86649,1.98206,0.62483
1.66932,1.63044,-0.04712
1.59670,1.98048,0.31241
1.64472,1.79260,-0.19722
1.91271,1.73937,-0.02793
2.10156,1.74629,-0.12142
1.16496,1.70590,-0.27576
1.52791,1.96141,-0.40143
1.71251,1.95784,0.21766
1.62393,1.89500,0.03142
1.94835,1.62601,0.05073
1.45568,1.70741,1.00502
1.64607,1.67822,0.09076
1.38691,2.00514,0.46452
1.79135,1.84103,-0.14143
1.15436,1.52328,0.04920
1.71972,2.04019,0.10996
2.37741,1.74883,0.00698
1.70078,1.28149,-0.10647
1.92475,2.00418,-0.02913
1.41338,1.60509,0.31939
1.81599,1.63644,0.09778
1.70551,1.90059,-0.12392
1.84098,1.41218,-0.12217
1.83585,1.48583,0.28972
1.69112,1.93648,-0.05760
1.58708,1.65672,0.92062
1.85360,1.84884,0.05411
1.95244,1.50294,-0.10894
1.79299,0.96715,0.05411
1.74205,1.77423,-0.25482
1.66311,1.89056,-0.27981
1.48253,1.56505,-0.01920
1.77343,2.19756,0.15895
1.71069,1.18550,0.03913
2.03204,1.50202,0.05575
1.56288,1.16496,-0.10614
1.47640,1.92669,0.12741
1.84032,1.84398,0.22340
2.08527,1.72808,0.21123
1.43280,1.49753,-0.44157
1.57051,1.71972,0.02388
2.12246,1.95855,-0.26126
1.64165,1.69818,0.21468
1.80882,1.20413,-0.12051
2.12436,1.62450,-0.41080
1.67010,1.85952,0.31821
2.01776,2.54428,0.00175
2.08787,1.58534,-0.15922
1.85892,1.75204,-0.01920
1.70366,1.92475,-0.10996
1.57996,1.50688,0.16232
1.70823,1.74114,0.24086
2.01000,1.84115,-0.22628
1.80543,1.81376,0.41019
1.76683,1.69384,-0.12399
2.18716,2.31072,0.25133
1.86900,1.59650,0.24631
2.09825,2.05077,0.15224
1.21427,2.10804,0.41025
1.79529,1.75836,0.00000
1.69818,1.75795,-0.08203
1.51860,1.40706,-0.29743
2.31072,1.43823,0.26159
1.69481,1.83082,-0.30713
1.73025,1.58162,-0.51703
0.78537,1.82497,0.08029
2.04412,1.74883,0.06951
1.63246,2.54966,0.51205
1.87004,1.44130,0.00524
1.62649,1.72262,-0.22207
1.80850,1.83866,-0.05061
1.50427,1.78012,0.02618
1.85345,1.67786,-0.15751
1.52680,2.07019,-0.08203
1.25956,1.80221,0.57837
1.84506,2.28132,0.00698
1.74939,1.68610,-0.10123
1.89066,1.76998,-0.04014
0.86610,1.67943,-0.12080
0.59331,1.88331,0.30938
2.12374,1.67769,0.14231
1.86889,1.80796,-0.18254
1.92883,2.06047,-0.26491
1.82511,1.45649,0.16366
1.55564,1.79690,-0.27699
1.92669,1.79689,0.51012
1.35288,2.11310,0.16755
1.52019,2.11968,-0.58480
1.37029,2.03204,-0.17055
1.63044,1.81320,-0.27561
2.00847,1.35627,-0.14106
1.50294,2.22342,0.00851
0.77113,1.65296,0.08029
1.20383,1.60847,0.31499
1.75686,1.74956,0.02094
1.90697,1.66390,0.10697
1.97831,2.05251,-0.24625
1.48290,1.88848,-0.08238
1.76432,1.80944,-0.12620
1.55631,2.11978,-0.06283
1.47574,1.79022,0.21315
1.58162,1.41607,0.17104
1.67972,2.21847,-1.09247
1.62542,1.42083,-0.14002
1.89514,1.77427,0.00175
1.74018,1.29039,0.18326
1.61563,1.56407,0.25080
1.82918,1.52791,-0.03840
1.64620,1.93419,-0.31590
1.84908,1.86956,-0.06283
1.94475,1.79485,-0.01942
1.38207,1.86209,0.22880
1.75240,1.81440,-0.09528
1.76344,1.72240,0.05034
2.19756,1.73503,0.22353
1.61195,1.77883,-0.15184
1.83441,1.83441,0.61040
1.50323,1.73025,0.05585
2.01913,1.47199,-0.99715
2.00820,2.00131,0.07470
1.81889,2.00123,0.09250
1.60276,2.20334,-0.27751
2.07989,1.86550,0.08378
1.57285,2.20190,-0.48629
2.06466,1.74268,0.00349
1.76356,2.04446,0.02094
1.62450,1.77506,-0.60891
2.00849,2.06399,0.43180
1.63968,1.47020,0.45810
1.49735,1.82098,0.09152
1.74772,1.47852,0.09425
1.35965,1.81482,0.09774
1.04288,1.74208,0.01396
1.51695,1.71377,0.15708
1.95788,1.43041,-0.81806
1.40074,1.74780,-0.44587
1.85929,1.81205,-0.18218
1.78809,1.04784,-0.60388
2.02070,2.10156,-0.58030
1.64018,1.92883,-0.12840
1.66194,1.14109,0.34330
1.90608,1.53367,-0.16385
1.95878,1.81680,0.21921
1.27527,1.55765,-0.05411
2.15808,1.67885,0.24086
1.93364,2.21952,0.44297
1.85916,1.90692,-0.10123
2.29416,0.86319,-0.14247
1.61655,1.71019,-0.05236
1.88957,1.89388,0.10123
1.79789,1.76659,-0.24958
1.96141,2.07525,0.01021
1.80831,1.76358,-0.69203
1.63103,2.23191,-0.57102
1.75569,1.35025,-0.10844
1.71505,1.82936,-0.95661
1.55501,1.86880,-0.03293
2.47399,1.49735,-0.04315
1.64300,1.71069,0.09774
1.72222,2.56625,-0.09190
2.02312,1.58088,0.19722
1.82918,1.42262,-0.04272
1.18550,2.07804,0.22689
1.79485,1.91835,0.11599
1.78556,2.26581,-0.01920
1.89388,1.68908,-0.10838
1.66158,1.47167,0.33414
2.00418,1.69941,-0.49674
1.88384,1.86657,-0.11055
1.67662,1.27527,0.46600
1.86224,1.72775,0.37111
2.04940,1.86924,0.07807
2.63552,1.74167,0.13122
1.76837,1.88795,0.11213
1.76947,1.48328,-0.11519
1.84953,1.31413,-0.03665
1.91979,1.67379,0.00175
1.71498,2.00842,0.34343
1.50950,1.88880,0.22805
1.81440,1.76791,-0.07156
1.86550,1.65708,-0.28449
1.81240,1.88950,-0.14486
0.53989,1.64196,0.38223
1.76691,1.97639,-0.00299
1.43191,1.66122,-0.13439
1.50396,2.03282,0.00175
1.44398,1.96092,-0.05736
1.16172,1.75339,-0.28164
1.49570,1.76683,-0.12916
1.69917,1.64691,-0.32114
1.73305,1.94053,0.00698
1.45649,1.86824,-0.27295
1.60733,2.12466,-0.10647
1.88517,1.83563,-0.12741
1.62859,1.68259,-0.31788
1.66695,1.84049,-0.21614
0.96967,1.70342,-0.10657
1.84990,1.67094,-0.01920
1.72951,1.68154,-0.17820
2.00414,1.98368,-0.31064
2.05598,1.97598,-0.23937
1.64457,1.48416,-0.18195
2.92149,1.66649,0.18500
1.48379,1.59309,1.11177
0.48151,1.83585,0.01222
0.24793,1.82559,-1.03199
1.52045,1.85144,-0.07434
2.26539,1.98737,-0.14137
2.04745,1.84506,0.04712
1.25510,1.76432,0.26725
2.33000,1.52455,-0.14065
1.94053,1.77228,-0.16396
2.07260,1.42554,0.05411
1.82542,1.70576,0.12915
2.04755,1.88463,0.10873
1.67786,1.57940,0.12272
1.71574,1.72780,0.83423
1.97005,1.67553,0.25873
1.79260,2.20968,0.19024
1.71035,2.07028,-0.05249
1.97325,1.62859,-0.02811
1.43866,1.95788,0.00698
1.37398,1.51695,-0.30020
1.63787,1.82825,-0.54217
1.88950,1.71035,-0.18675
2.07028,1.38289,-0.10121
1.61788,1.48903,-0.05934
1.58088,1.73519,-0.28489
1.69647,1.82466,0.02443
2.11713,1.84336,-0.09060
1.87332,1.68394,0.23138
1.60700,1.84052,-0.29802
2.01295,1.75362,-0.45379
1.68154,1.36116,0.09119
1.73931,1.70394,-0.02094
2.02660,1.90120,0.50862
1.66346,1.74000,0.43068
1.65698,1.70577,0.03840
1.87252,1.32036,-0.23038
1.60378,1.48173,-0.17977
1.82080,1.88384,0.23911
1.77101,1.53501,-0.04910
2.12089,1.57428,0.09250
1.76581,1.74326,-0.01024
2.27336,1.24375,-0.11868
2.11051,2.12374,-0.68379
1.40746,1.48516,-1.61792
1.53843,1.96842,-0.12566
1.98000,1.56294,-0.11519
2.15436,1.57138,-0.10471
1.37149,1.69647,-0.41465
1.60557,0.86610,-0.11519
2.45923,1.69750,0.00000
1.35521,1.80543,-0.39263
1.84461,2.09481,-0.08378
1.63978,1.63901,-0.01396
1.80531,1.59269,0.53933
1.65849,1.47574,0.17036
1.76791,1.64412,-0.02793
1.99339,1.78477,-0.10297
1.41296,1.89457,-0.10821
1.87172,1.67323,0.15010
1.23958,2.27875,-0.02094
1.72118,1.63096,0.25482
1.28077,1.84853,0.42390
2.05325,0.44642,-0.42474
1.52660,2.76860,0.10297
1.64875,1.67154,0.23231
1.87232,1.98644,0.08378
1.97166,1.43816,-0.66657
1.87737,1.74792,-0.92920
1.97891,1.68644,0.27094
1.95855,2.37741,0.44680
1.89500,2.15808,0.23036
1.74629,1.97891,0.71824
1.87779,1.72222,1.00182
1.85271,2.12696,-0.05411
1.84768,1.73876,-0.10123
1.73069,1.65472,0.41338
1.78956,2.02576,-0.00698
1.90275,1.83877,0.07505
1.76943,1.76967,0.10472
1.81469,1.20462,0.00648
1.55098,1.94802,-0.15882
1.65387,2.59347,0.90920
1.52328,1.82080,-0.04431
1.50945,1.69317,-0.13038
2.15038,1.73986,-0.49501
1.82919,2.24293,0.73754
2.06101,1.22693,0.06632
1.96842,1.81206,-0.26529
1.61470,1.44946,-0.26792
1.75795,1.91261,-0.02618
1.83144,1.78082,-0.20754
1.57036,1.66158,0.05585
1.59462,1.85916,-0.14486
1.87195,1.20213,0.10821
2.07525,1.76804,0.28623
1.70429,1.31604,-0.00209
1.86786,1.12728,0.01547
1.75742,2.16766,-0.97217
1.65114,1.66064,0.44680
1.94883,2.11831,-0.19548
1.94802,1.71251,0.23387
1.64691,1.75760,-0.14018
1.60347,1.62446,0.02094
2.14110,1.57920,0.45234
1.86061,1.70758,0.05051
1.72095,1.94259,0.13963
1.69088,2.53121,0.26354
1.67094,1.48739,-0.02288
0.44642,1.43133,-0.44474
1.41213,1.70212,-0.18615
1.88412,2.05276,-0.51129
2.04165,1.55218,-0.13250
1.63276,1.50569,0.38048
1.60252,2.24143,-0.38921
1.29039,1.37210,-0.28798
2.06392,1.87004,0.18011
2.15629,1.96599,0.02443
1.84052,1.40254,0.10472
1.73084,1.66589,0.00524
1.43823,1.28041,-0.30194
1.20597,0.90148,-0.21135
1.56792,1.74939,0.32160
1.24430,2.11051,0.20852
1.71734,2.28117,-0.05585
1.74208,1.79274,0.07166
1.74000,1.92247,0.02793
1.48367,1.53327,-0.17631
1.89146,1.97831,-1.00001
1.69941,2.04782,0.08029
1.80356,1.50427,0.44679
1.51209,2.43097,-0.13086
1.54452,0.96926,0.05174
1.70472,1.79232,-0.13153
2.04019,1.99927,0.07305
1.66423,0.92094,-0.13873
1.84705,1.76495,0.13693
1.61066,1.81240,-0.10123
1.72262,1.52159,-0.18647
1.86687,1.69577,0.09599
1.83997,2.11775,-0.01067
1.70366,2.33000,-0.24532
1.80709,1.88583,0.13416
1.69186,1.87307,-0.05236
1.96915,1.58605,-0.01745
2.05635,1.76439,-0.09044
1.66431,2.08043,0.07269
1.96540,1.62648,0.02443
1.62154,1.83972,0.05633
1.69471,1.81005,0.05411
1.35627,1.40278,0.16454
1.74883,1.74387,-1.69646
1.75623,1.64152,-0.18469
2.00485,1.58711,0.05036
2.16628,1.90465,-0.26342
2.29393,1.79627,0.41364
1.48328,1.53921,0.18810
1.77606,1.84353,0.23911
1.88463,1.88412,-0.21658
1.58871,1.90275,-0.17365
1.99932,1.66248,0.18316
1.26476,1.77069,0.17977
1.75053,1.73498,-0.05760
1.79955,1.71964,-0.14486
1.43133,0.96967,0.03840
1.50202,2.81938,-0.22864
1.77806,1.77735,-0.31590
2.08297,2.68892,0.11479
1.61165,1.35778,-0.02618
1.48903,1.45568,0.11001
1.79955,1.77099,-0.26246
1.48516,2.10150,-0.51816
1.30622,1.66208,0.49218
1.32955,2.84702,-0.17802
1.74906,2.03123,0.06437
1.75362,1.84354,0.26529
1.63096,2.22877,0.21106
2.11225,1.86935,0.21118
1.98391,1.94204,0.02211
1.66653,1.76356,-0.05454
2.16766,2.04412,0.15882
1.47789,1.63366,-0.04621
1.65191,1.74560,0.01428
1.48416,1.65339,-0.07156
1.72621,1.55564,-0.52360
1.90098,1.68867,1.82615
1.67171,1.54452,-0.49318
1.63644,1.59961,0.33161
1.62180,1.64896,0.15708
1.77417,1.26455,0.00000
1.86824,2.00953,0.02503
1.76780,1.98391,0.11170
1.97097,2.27336,-0.07557
1.76785,1.62036,-0.29322
2.00673,1.87232,0.22057
1.77735,1.76934,0.03142
1.64673,1.61322,0.08241
1.72152,1.53563,-0.01482
1.80604,0.89194,0.16883
2.19622,1.04288,-0.41566
2.10294,1.71734,0.13963
1.67746,1.59462,0.08378
2.81938,1.99532,0.07160
2.07231,1.73210,-0.01222
1.83563,1.77121,-0.00902
2.03282,2.11702,0.75224
1.69641,1.83403,0.04084
1.98347,1.64108,-0.89012
1.81313,1.78474,0.24946
1.86228,1.48843,0.03840
1.59039,2.22609,-0.27478
1.51909,2.18994,0.02618
1.83793,2.18214,-0.02269
1.70742,2.03421,-0.06283
2.18606,1.85044,0.02891
1.49793,1.38047,-0.69124
1.89873,1.64254,-0.14486
1.57798,1.81313,0.07796
1.66811,1.57554,0.09076
2.00131,1.71408,-0.14312
1.95578,1.82198,-0.00873
1.89491,1.79299,-0.02094
0.86319,1.60472,0.10618
1.34615,-0.10640,-0.49916
1.77202,1.36161,0.00175
1.23830,2.22668,-0.18434
1.98644,1.75569,0.48520
2.29141,2.12089,-0.88095
2.02640,1.65102,-0.05467
2.30419,1.40745,-0.03087
1.59602,1.64165,0.12043
1.58828,1.68635,0.00141
1.72883,1.96972,0.43194
1.99667,2.05605,-0.09027
2.07008,1.61529,0.03840
2.31126,1.87232,-0.07330
1.70758,1.62649,0.05760
1.70596,1.11998,0.74700
1.14873,1.66530,0.00000
2.39057,1.76173,0.06283
1.47874,2.61548,0.08552
1.29389,1.66840,0.16018
1.76236,1.69658,-0.09023
2.10654,1.88566,-0.44331
1.44783,2.04804,0.20037
1.47199,1.85152,-0.19548
1.64108,1.51365,0.02693
1.76967,2.05145,0.17072
2.72450,1.68044,-0.11792
1.89203,1.76691,-0.10821
1.82098,2.07989,-0.12043
2.21170,1.77343,0.08029
1.71019,2.07830,0.09725
1.52541,2.14110,0.28679
1.79650,1.94164,1.02102
1.71001,0.24793,0.27955
1.81336,1.42819,0.08727
1.31042,1.76783,0.06981
1.98737,2.05325,-0.49218
1.71131,1.69057,0.24260
1.78124,1.97097,-0.09420
1.84208,1.77126,-0.13788
1.49894,2.24351,0.11130
1.63563,1.74187,0.28798
1.68394,1.14867,-0.82819
1.58078,1.79345,0.04678
1.82369,1.71860,0.07698
2.16213,1.71928,-0.68602
1.68259,1.52541,-0.29335
1.70342,2.33976,0.06802
1.44272,1.82369,0.05641
1.26628,1.49793,-0.09250
1.81376,1.71505,-0.13731
1.51456,1.62026,0.05760
1.65260,2.26813,0.31940
1.66119,1.38362,0.13090
1.69577,4.24818,-0.08831
2.14519,2.52215,-0.24628
1.73762,1.85382,-0.44157
1.43041,1.88957,0.23762
1.55745,1.64204,-0.49386
1.77502,1.62814,-0.10821
1.88116,1.70792,0.00349
1.66412,1.27575,0.23143
2.21414,1.68469,-0.45225
1.56505,1.76785,0.26354
2.00770,1.56448,-0.11237
1.94270,1.76354,0.42935
1.37210,1.23526,0.01242
1.61529,1.62042,-0.25845
1.60617,1.82689,0.13545
1.62245,1.55098,-0.02885
1.75766,2.37579,0.43334
2.24351,2.04981,0.00175
1.77216,1.55501,-0.06458
1.46531,1.53843,-0.04887
1.86209,1.94475,0.51301
2.04078,2.52765,-0.51138
1.43090,1.77273,0.43376
1.74167,1.91866,-0.23562
1.81680,2.07260,0.12296
1.71559,1.65372,0.11694
1.56285,1.61655,-0.08378
2.42468,1.66194,0.21535
1.40745,1.74133,-0.24468
1.74560,1.64607,-0.46554
1.72928,2.16087,0.08378
2.04545,2.24925,0.37924
1.74568,1.71575,0.09076
1.76495,2.01295,-0.36826
2.06166,1.62008,-0.34730
1.89640,-0.15018,-0.48441
1.82559,1.46814,-0.00619
1.66242,1.20097,0.09346
1.77667,2.55893,-0.09774
1.84049,1.71119,0.12043
1.73619,1.68720,0.22656
2.54428,2.19064,-0.35779
2.05454,1.10043,-0.05236
0.92094,1.69186,-0.09599
1.66217,1.85929,-0.18123
1.97600,1.73405,-0.12392
0.19934,3.13509,0.22166
1.60799,1.96371,0.08378
1.62446,1.86649,-0.08203
1.36116,1.94270,-0.14592
1.41291,2.10555,-0.00349
1.95548,1.98316,-0.04712
2.76860,2.19622,-0.28449
1.54637,1.83046,0.31765
1.28149,1.70472,-0.10123
1.90761,1.61776,-0.24958
1.59961,1.70742,0.01222
1.48843,1.83531,0.10123
1.62648,1.69641,0.05636
1.84103,2.13785,0.00349
1.77709,1.70078,0.28993
1.62154,1.86269,0.46564
1.83877,1.37029,0.27683
1.88047,2.04545,0.23904
1.84398,2.28163,-0.08969
2.52765,1.86795,-0.64162
0.41453,1.76222,-0.00169
1.75590,1.70596,-0.12566
1.82172,1.60252,-0.11473
1.50982,1.76811,-0.26670
1.31604,1.73580,0.04712
1.74387,1.60557,-0.42451
1.48583,2.26109,0.50827
1.85952,1.66423,0.91059
1.52274,2.07231,-0.30369
1.74582,1.42614,0.02237
2.22342,1.89474,-0.28416
1.11998,1.87302,-0.91677
1.86935,1.70250,-0.05943
1.26872,1.72118,0.89588
2.19785,1.81071,-0.03491
2.11016,1.92770,0.08203
2.19731,1.69923,0.09941
2.16854,1.53792,0.13461
1.36161,1.87797,-0.10297
2.17828,1.96535,0.03840
1.51048,1.69955,-0.05202
2.00779,1.57202,-0.09115
2.13886,2.00414,-0.18200
2.05605,1.61596,0.10753
2.01880,1.35989,0.42876
1.57202,1.56635,0.22515
1.98316,1.62359,-0.02269
1.77126,1.80513,-0.02863
0.99262,0.53989,0.00873
1.45575,1.88726,0.05736
1.66903,1.65260,0.04223
1.61391,1.84731,-0.05916
2.12466,1.87532,-0.34445
1.57940,2.51473,-0.46771
2.51473,1.79769,0.41716
1.62026,2.97508,-0.05934
1.74537,2.04504,-0.03142
1.60957,1.66412,-0.02967
1.85151,1.70184,-0.31046
1.86083,1.78208,0.02094
1.77273,2.06101,-0.26878
1.85406,1.88720,0.31744
1.85739,1.80709,-0.35954
2.23191,1.85352,0.16217
2.04782,1.63723,-0.51313
1.83972,1.66119,-1.76088
1.79559,1.66947,-0.11938
1.83740,1.74339,0.16003
1.87735,1.90972,-0.40212
1.42614,0.77113,-0.13614
1.68141,1.53763,0.20581
1.73278,1.71849,-0.02269
1.75378,2.15897,0.00524
1.65339,1.80173,0.03142
1.54715,1.92073,-0.13788
1.27575,1.49894,0.15453
1.58734,1.66653,0.06003
2.06210,2.16213,0.41605
1.95453,1.90514,-0.46077
1.49911,1.86989,-0.11170
1.98732,1.91180,-0.11310
1.80173,1.62823,-0.04907
2.11130,1.64472,0.16755
1.67154,2.06067,0.51681
2.56256,2.13886,-0.11345
1.74326,1.55096,0.31416
1.43135,1.63799,0.11854
1.88583,2.20439,-0.41260
1.72218,1.82186,-0.08203
1.46127,2.72450,0.05585
2.01128,2.02640,0.00373
1.62042,1.99243,0.09425
1.84677,1.92855,0.03416
1.85276,1.50276,-0.32114
1.52738,1.24033,-0.05236
1.61189,1.38768,0.25656
1.86269,2.17442,0.47822
1.87469,1.77585,-0.14137
1.65672,1.66157,0.09076
1.61558,2.29393,-0.01657
1.89144,1.81451,0.45543
2.13573,2.11689,0.06109
1.67445,1.83144,0.03491
1.20687,1.55987,-0.11332
1.74792,1.49657,-0.27576
1.71083,1.89144,0.26878
0.78612,1.46014,-0.42395
1.83046,1.72670,-0.08552
1.67822,1.65832,-0.14137
1.42331,2.04263,0.09250
1.69520,1.77672,-0.11519
1.68409,1.58491,-0.17453
1.62538,2.10620,-0.15359
1.80605,1.97325,0.02793
1.71575,2.01880,-0.03663
1.78976,1.75742,-0.14689
1.57554,1.73904,0.24847
-0.10640,1.58704,-0.00044
1.67553,0.99262,0.63705
1.69955,1.55745,0.60911
1.87765,1.85646,0.15533
1.75685,2.07983,-0.28263
1.59309,1.71515,-0.08552
1.74965,1.75666,-0.10152
1.83082,1.94474,0.15485
1.95784,1.98521,0.47284
1.68644,1.89395,-0.33610
1.71849,1.52274,-0.15315
2.10900,2.15963,0.06283
1.42554,1.99339,0.00000
2.10555,1.57798,-0.17802
1.77630,2.04940,-0.51138
1.35778,1.61644,0.05061
2.12376,0.93736,-0.77414
1.74339,1.84208,-0.02636
1.85912,1.46776,-0.11345
1.71657,1.59518,0.38048
1.73568,1.95615,-0.18500
1.59792,1.60733,0.00175
1.35025,1.86687,0.11647
1.94164,1.77021,1.67012
1.77427,2.06832,-0.11519
1.47852,0.84313,0.50491
1.50688,1.85151,-0.05236
1.98802,1.17895,0.17453
2.08387,1.78960,-0.29069
2.01873,1.75709,-0.36826
1.75339,1.76710,-0.27402
1.59332,2.09305,0.09076
1.68519,1.44859,0.34478
2.16446,1.54409,0.43068
1.97970,1.55352,-0.48346
1.46814,1.44272,-0.05236
1.97598,1.95021,0.00524
2.05927,1.66433,0.00175
1.88967,1.80193,-0.08547
2.00986,2.16446,-0.05585
1.81248,2.04755,-0.33413
1.68598,1.55822,-0.45140
2.15963,1.82918,-0.13132
1.88803,2.02312,-0.08029
1.50065,2.11843,-0.04189
1.70250,1.67008,-0.12217
2.59347,1.72427,-0.31325
1.57428,1.43090,-0.59720
1.84322,1.49218,-0.27492
1.75959,2.08714,0.28798
1.81087,1.62154,0.06469
1.94401,2.23427,0.01571
1.92770,1.86083,-0.02269
2.26581,1.99667,0.16406
1.53092,1.75959,0.05585
1.66840,2.15436,-0.18695
1.70207,1.75860,0.02443
1.96564,2.04745,-0.06275
1.77672,1.70286,0.13369
1.74873,1.93364,0.69159
1.75860,1.55631,0.35869
1.63823,1.65048,0.06807
1.91254,1.83793,-0.26833
1.79042,1.58441,-0.13265
1.79627,1.91860,0.23639
1.44946,1.66909,-0.59526
1.83151,1.94721,-0.00698
1.48445,1.71559,-0.04014
1.76926,1.86247,0.24003
1.94547,1.73936,-0.07162
0.64017,2.22577,0.05760
1.87307,1.83740,0.03195
1.66433,1.72680,0.00873
1.52250,1.40117,0.11824
1.76330,1.75659,0.19470
1.50346,1.59670,-0.10435
1.71144,1.56880,-0.27402
1.70286,1.43866,0.52629
1.14304,1.70851,-0.11868
1.65642,1.60617,0.31241
2.16087,1.86784,0.00425
1.16120,1.83116,-0.26704
1.85144,2.13573,-0.05567
2.10804,1.60816,-0.08552
1.73405,1.94846,0.12786
2.27875,1.96359,-0.08019
1.41607,1.52680,-0.16755
1.88708,1.61470,0.00175
1.14867,2.31126,-0.08378
1.35989,1.70366,0.05585
1.75591,1.79510,0.46004
1.80905,1.69589,0.08901
1.70741,2.10654,0.42461
2.16062,1.53093,-0.02263
1.81123,1.52250,-0.07090
1.58711,1.76320,0.46655
1.71377,1.63288,-0.07428
2.16925,1.89640,0.05585
2.09305,1.73619,-0.49261
1.72648,1.74772,0.46629
1.41218,1.91254,0.51138
1.42676,1.65387,0.93594
1.58605,1.66311,-0.93423
1.30436,2.06392,-0.06358
2.11843,1.66431,-0.18536
1.66208,1.44398,0.43110
2.84702,1.69175,0.46841
1.04592,1.62297,-0.28942
1.90027,2.15038,-0.03491
2.06306,1.79737,0.00175
1.91860,1.72546,-0.19902
1.76659,1.48513,-0.00349
1.67484,1.26476,-0.21991
1.70577,1.95830,0.09948
1.70448,2.47399,-0.02930
3.16389,1.64818,-0.22340
1.95831,1.48445,-0.02783
1.99927,1.40690,-0.38653
1.95545,2.05454,0.14713
1.68343,1.87053,-0.25564
1.70459,1.84898,0.13765
1.66649,1.70429,-0.02249
2.00999,2.17834,-0.02793
1.54330,1.96351,-1.44073
0.94302,2.15089,0.15924
1.59650,1.31042,-0.17819
1.66064,1.79559,-0.36469
1.73986,1.78006,-0.12182
1.60472,2.09053,-0.17104
1.12508,1.49241,0.10821
0.76610,1.71884,0.07854
1.87232,2.57560,-0.51313
2.06517,1.85892,0.41976
1.95569,2.00999,0.05934
1.64863,1.64188,0.06109
1.67888,1.91062,0.09599
1.21857,1.72852,0.18805
1.38289,1.42776,-0.22365
2.02509,1.13720,-0.05968
1.42819,1.38568,-0.16387
1.92711,1.30482,-0.23057
1.33855,1.52019,0.42624
2.04504,2.00820,-0.52360
1.87053,1.83583,0.11292
2.00953,1.60791,0.17962
2.24293,2.30111,-0.02963
1.73545,2.24389,0.28901
1.70821,1.80472,0.24086
0.65385,1.51592,0.02133
2.20190,1.97005,-0.03821
1.73047,1.80947,0.27576
1.63010,2.12436,0.12445
1.63215,2.03171,0.34034
1.76671,1.77417,-0.58992
1.86989,1.49027,-0.20806
2.03755,2.00485,0.02094
0.94286,1.61563,0.13614
1.38047,0.19934,0.01047
2.24152,2.16628,0.13608
1.97117,1.68532,-0.05068
1.83107,2.08348,-0.07854
1.68908,1.85360,0.10647
1.47167,1.67599,0.07429
2.08993,2.23399,0.00509
1.79347,1.41213,0.86021
1.85421,2.28523,-0.20944
0.93609,1.84724,-0.23182
2.28117,1.77454,-0.06458
2.06399,1.72951,0.40575
1.70135,1.75715,-0.44004
2.24925,1.76476,0.00000
1.60847,1.60700,-0.11736
1.93648,1.66232,-0.18479
2.00123,2.05377,0.06458
1.54784,1.81488,-0.44140
1.72775,2.15529,-0.14070
1.49753,1.78147,-0.01745
1.49027,1.50643,-0.13788
1.87596,1.21056,0.44842
1.89316,2.11130,-0.11694
1.24056,2.29416,0.28972
1.56912,2.10740,0.13714
2.00304,1.60799,0.02094
1.79232,1.74447,-0.23261
1.47254,1.14873,-0.07156
1.24375,2.16925,0.24695
1.61062,1.65642,0.01222
2.54966,1.26911,0.00698
1.85794,1.22330,0.38552
1.51743,1.81336,0.06255
1.95615,2.00770,0.29153
1.46484,1.78976,0.23562
1.77097,1.49570,-0.06283
1.65372,0.98797,-0.12777
1.71613,0.81199,-0.26005
2.29519,1.30553,-0.39615
1.77540,1.87252,-0.03491
1.96972,1.82171,-0.48869
1.56088,1.20795,0.19024
1.73876,2.02299,0.00698
2.01939,1.75685,-0.00175
1.68180,1.36688,0.08997
1.66122,1.67484,-0.02347
1.56448,1.60276,-0.05760
1.92197,2.53592,-0.43808
1.86257,1.81087,-0.00349
2.24143,1.34440,0.00524
1.67019,1.38665,-0.06582
1.28041,1.80190,-0.28028
1.51780,2.22230,0.11519
1.53501,1.45305,0.24958
1.85404,2.63552,0.07460
1.43816,2.11016,0.41357
1.79769,1.67972,-0.11345
2.20897,1.47874,0.06981
1.98206,2.01776,-0.01571
2.02310,1.82089,0.26695
1.88726,1.72260,-0.14137
1.92024,2.16968,-0.11895
1.89474,1.65030,0.23493
1.82825,1.78046,0.63388
1.64193,2.24152,-0.14549
1.56880,1.84731,-0.08378
1.73246,1.88532,-0.10123
2.03171,2.32987,-0.04014
1.80522,1.64644,0.10472
2.15109,1.77014,0.38445
1.68538,1.73047,-0.08203
1.40706,1.73622,0.23217
1.84884,1.76918,0.26986
1.75611,1.85404,-0.11853
1.62601,2.32066,-0.00524
1.76776,1.85228,0.10330
1.92664,1.83981,0.36243
2.15089,1.69481,-0.00175
2.12509,1.45828,-0.12217
1.63901,1.61243,-1.01487
1.63366,2.05635,0.09425
1.66232,1.78809,-0.27227
1.81488,1.39687,-0.02094
1.68578,0.50722,-0.01740
1.77585,2.00847,0.16325
1.85006,0.59331,-0.31765
1.66855,1.40639,1.42459
2.08043,1.33915,0.11184
1.76099,1.83612,1.05941
1.94846,1.88047,-0.03868
2.03186,2.02070,-0.52011
1.97453,1.48227,0.27429
1.90498,1.29899,-0.04712
1.67008,1.81717,0.02443
1.87682,2.34591,-0.00349
1.55090,2.06210,0.85217
1.70851,1.75591,0.30458
1.62724,2.02509,0.22532
1.43325,1.22552,-0.02954
2.24020,1.38856,-0.36769
1.73937,1.16172,0.59242
1.17686,1.61066,0.06477
2.96257,1.48290,0.29147
1.53093,2.07008,0.41628
1.53367,1.82524,-0.09774
1.75646,1.48771,0.52011
1.78282,1.44033,-0.08155
1.74066,1.76547,0.27170
1.83053,1.56088,0.03816
1.95942,1.90902,-0.23736
1.64818,1.95453,-0.11691
1.79345,1.62840,-0.31241
1.45256,1.59602,-0.64577
1.77069,1.37398,1.35038
2.63770,1.35965,0.07854
1.76710,1.58559,0.06458
1.59207,2.35099,-0.24609
1.86014,1.22584,-0.11170
1.80491,2.05233,-0.02618
1.90972,1.84098,0.08378
1.24033,1.71882,0.22340
1.52159,1.81123,-0.07711
1.97551,1.82405,0.09776
1.69194,2.08616,0.20401
1.51592,1.78490,-0.02991
1.78474,2.92149,0.17473
1.84718,1.59792,0.04955
1.22584,1.51456,-0.04887
2.33404,2.31930,0.08901
1.67408,1.85512,-0.09774
1.65472,1.84921,0.43624
1.72546,2.01401,-0.10472
1.77617,1.87510,-0.02094
1.59733,1.80357,0.44500
1.71806,1.93905,-0.05236
1.67599,1.81719,-0.12566
1.78490,1.80531,0.25616
1.84399,1.21987,0.24721
1.76934,1.87054,-0.21705
1.66850,1.56999,-0.13265
1.88532,1.60347,-0.04014
1.73715,1.67746,-0.16755
1.98368,1.59332,0.42237
1.79180,1.72672,-1.64223
1.66114,1.62953,-0.09250
1.49525,1.80604,-0.09315
1.66600,1.53062,0.44855
1.67769,1.75053,0.27128
2.10914,1.76344,-0.47031
1.80221,1.26872,-0.52292
2.89742,1.86061,-0.37484
1.69317,1.69112,-0.63490
1.75673,1.46332,0.00578
1.66589,2.16676,-0.05760
1.48125,1.83221,0.22689
1.69756,1.85351,-0.13614
2.79592,1.97543,0.08727
1.80190,2.12667,-0.16647
2.12667,1.77961,-0.30020
1.71964,1.76975,0.30718
1.57940,1.93216,-0.15628
1.62647,1.43325,-0.10647
2.10150,1.66491,0.35904
0.74811,1.69194,0.12392
1.55445,1.63571,0.70650
1.23613,1.72648,-0.01222
1.22330,1.73568,-0.12915
2.11560,1.77891,0.21468
1.75836,1.57036,0.10647
1.66909,1.28077,0.24708
2.16088,1.80882,0.61436
1.82171,1.84399,-0.25831
2.18649,1.75240,0.02793
2.06788,1.99929,0.13439
1.70212,2.16123,-0.05236
2.09783,1.51209,-0.11170
2.08323,2.02270,-0.00820
1.82936,2.00885,-0.47106
1.84853,1.84032,1.21905
1.81362,1.62188,0.04014
1.74897,1.51048,0.02443
1.74114,1.79135,0.26878
2.04981,1.62262,-0.09513
2.68892,1.68538,-0.02269
0.64379,2.15629,0.30892
1.84356,1.86014,-0.25307
1.64580,1.56408,0.17381
1.87409,1.30436,0.08223
1.75919,1.68448,-0.02618
2.17442,1.46040,0.11644
1.85628,1.68375,0.13819
1.68635,1.97489,-1.66330
1.65030,2.12080,0.48282
1.22693,1.87735,0.44855
1.62823,1.25131,-0.53582
1.48771,1.78556,0.19476
1.93419,1.31848,-0.41408
1.87446,1.58078,0.05411
1.53921,2.08527,0.22604
1.50643,1.62539,0.07313
1.76741,1.50744,-0.11549
1.90902,1.94592,0.88366
1.67922,1.76086,-0.10472
1.74268,1.53692,0.03840
2.05919,1.65106,0.11868
1.71791,1.61409,-0.13265
2.20439,1.61062,0.02443
1.65877,1.79138,0.42366
1.78477,1.70224,0.11829
1.77610,1.87773,-0.12358
2.02874,2.08787,-0.13090
1.60861,1.57051,0.21118
1.76975,1.74205,-0.29147
1.73156,1.91656,-0.07611
1.85303,1.73582,-0.11345
1.87377,1.72152,0.12566
2.16398,1.89203,-0.08203
1.58126,1.67131,-0.49143
1.76439,1.71120,-0.98225
2.33976,1.81226,-0.43110
1.78012,2.11225,0.46775
1.73194,1.67445,0.26878
2.21935,2.14687,-0.13530
1.83157,0.76610,-0.05236
1.55294,1.75749,0.62055
1.64330,0.56375,0.10464
1.58534,1.77216,0.09948
2.81903,1.67292,-0.02967
1.89224,1.83335,-0.02967
1.75332,1.92360,-0.11629
1.44033,1.71613,0.01024
2.10939,1.88730,0.09250
2.04183,1.49911,0.23736
1.71515,1.65109,0.09170
1.79691,1.86226,-0.02269
2.56625,1.85303,-0.02269
1.87109,1.67443,-0.04014
2.10312,1.21857,-0.04161
1.89062,1.15436,0.08029
2.11338,2.10294,-0.02339
1.45828,0.85337,0.00785
1.92881,2.08969,0.08954
1.70883,2.27096,0.01520
1.78546,1.57276,0.40437
1.80089,2.33404,0.00175
1.90192,1.37142,0.10079
2.23427,1.80973,0.19897
1.77965,1.88661,-0.25836
1.95115,1.81599,0.20918
1.66530,1.41434,0.16755
1.97011,1.51780,0.19731
1.38828,1.74906,-0.10297
1.93905,0.98842,-0.20163
1.55924,1.23777,-0.10647
3.58880,1.55924,0.24173
1.80811,0.74811,-0.05236
2.82889,1.84651,-0.02793
1.48173,1.56531,-0.02443
1.59919,1.58666,-0.15002
1.82772,1.84768,-0.01745
1.87773,1.77181,0.18486
1.24843,1.66932,0.63314
1.80513,2.06306,0.31241
1.96359,1.58871,0.22596
1.66390,1.75106,-0.44753
2.86538,1.47021,0.24609
1.75760,2.21170,0.09599
1.74669,1.86228,0.08727
1.51365,2.63770,0.29217
1.80606,1.95017,-0.29845
2.20968,1.97544,-0.00873
1.63571,1.50950,0.28896
2.03220,1.69471,-0.01222
1.50580,1.65410,-0.02094
1.76358,1.78062,-0.17956
1.61512,1.93017,0.85501
1.94264,1.46531,-0.04813
1.61776,2.08719,-0.11252
1.62814,2.12509,0.28167
1.66185,1.40009,-0.12043
1.74447,1.87761,-0.21780
1.62008,1.74897,0.17791
1.82089,2.00469,-0.10561
1.74427,1.67171,0.04189
2.25027,1.89146,-0.07686
0.56375,1.53092,-0.07706
1.81075,1.88886,0.21211
2.36151,1.83506,0.24504
1.81206,1.41296,0.05585
1.65681,1.79955,0.02269
2.14259,1.73331,-0.18675
1.36190,1.65681,0.03397
2.64511,1.73226,-0.04771
2.09481,1.73187,0.00175
1.83303,2.02929,-0.08727
1.61028,1.72436,-0.15354
1.51776,1.62657,-0.02793
1.69057,1.97011,0.25952
1.07241,1.72612,-0.03970
1.14109,1.70551,-1.06989
1.53792,1.84677,-0.01047
1.20413,2.00849,0.01745
2.04643,1.97970,0.00349
1.91867,1.67176,-0.15176
1.84671,1.77429,-0.12392
1.88566,1.65213,-0.33098
1.79963,1.55564,-0.94803
1.78062,1.07241,0.04363
1.87989,1.60861,0.36128
2.05077,1.62647,-0.04675
1.82175,2.24669,1.03997
1.80738,2.02651,0.21755
2.04853,1.66242,0.00873
2.23911,1.73545,-0.13265
1.85541,1.63823,-0.01571
1.68720,1.85529,0.05411
2.37804,2.62605,0.21169
1.72436,1.71926,0.20998
1.81874,1.80738,-0.02269
1.13720,1.86224,-0.31241
1.88082,1.70366,-2.05076
4.24818,1.93119,0.18151
1.61409,2.22360,0.42999
1.71408,1.77016,0.02793
1.86892,1.41930,0.49785
1.56999,1.76490,0.00175
1.48147,1.94883,0.01858
1.73331,1.78555,-0.12406
1.46040,1.63246,-0.45767
1.57276,1.66653,-0.29696
1.90470,1.43554,-0.23038
1.71860,1.87195,-0.12372
1.95017,1.70448,-0.03316
1.63991,1.86507,0.06632
1.31413,1.81484,-0.13439
2.18994,1.64353,0.10472
2.61548,1.74568,0.36293
1.79690,1.47789,0.13265
1.72900,1.90098,0.30718
1.84731,2.06408,0.27111
1.50846,1.85232,-0.05934
1.84375,1.77380,0.21642
1.80799,1.79180,-0.11519
1.71120,1.46127,-0.11669
1.82497,1.78311,-0.49555
1.98723,2.17227,0.00175
2.28343,1.85057,0.02311
1.60309,1.57253,0.32114
1.79693,2.12246,-0.23174
1.59518,1.96564,-0.13788
1.53062,2.39468,0.05760
1.62359,1.98732,0.28274
1.80709,2.16854,0.02127
2.06815,1.62180,-0.08901
1.67292,1.23830,-0.28926
1.88797,1.84718,0.26532
1.76547,1.59450,0.23444
1.81482,1.56582,0.41660
1.62477,1.51891,-0.28798
1.26911,1.71657,-0.04712
2.13785,2.04078,0.56227
2.07019,1.76303,0.03491
1.18041,1.72844,0.06722
1.37142,1.14304,0.13614
2.50378,2.07200,-0.48092
1.97543,1.81362,-0.53009
1.71926,2.03321,-0.03491
1.84354,1.37149,-0.25482
2.00514,1.88682,-0.04538
2.14997,1.85421,1.72442
0.89973,1.87469,0.26565
1.62166,1.84641,0.56434
1.53887,1.83151,0.00175
2.09053,2.45395,0.39915
1.72953,1.75680,0.31940
2.01101,2.02167,0.60477
1.64884,2.02459,0.21828
1.97376,1.73040,1.08959
1.91180,1.67019,-0.07636
1.75749,2.00517,0.32534
1.52074,1.69203,0.28759
1.76804,1.63290,0.38027
1.61971,1.79112,0.06109
1.84336,1.93202,0.20327
1.67199,1.76297,0.02509
1.66248,1.84028,0.56056
1.79630,1.23256,0.03388
1.94254,1.75646,0.05061
1.76783,1.92058,-0.21642
1.77380,1.89062,-0.11584
2.18214,1.20383,0.30543
1.76476,2.15109,-0.10297
3.41945,1.42676,0.11796
1.78555,2.08387,-0.05478
1.54868,1.77877,-0.04290
1.80569,1.56285,-0.26110
2.02651,1.90121,-0.03919
1.74062,1.43191,0.25123
1.73936,1.74537,-0.13285
1.21987,1.67444,-0.00567
2.11310,1.67922,0.22340
1.77753,1.85006,-0.10257
1.61988,2.33564,-0.11345
1.68532,1.81494,0.36903
2.11702,1.67911,0.21832
1.42262,1.80983,-0.30999
1.72322,1.78960,-1.23567
1.65035,2.19731,0.34343
1.71208,1.77797,-0.03665
1.78961,1.91271,-0.12217
1.69027,1.63794,-0.10123
1.97486,1.58896,-0.00005
1.57200,1.92870,-0.09948
1.48803,1.18041,-0.02269
1.66663,1.75712,0.11694
1.83506,1.59979,0.08901
1.73949,1.55997,0.11519
1.68448,1.82542,-0.00349
1.20462,2.29519,0.16755
1.62180,1.54479,0.00524
1.82198,1.66676,0.07256
1.92360,0.64017,0.09087
1.98852,2.20897,-0.02303
2.11968,1.70571,0.20470
1.62078,1.85406,-0.05236
1.78297,1.74629,0.17628
2.02929,1.54330,-0.58992
1.67323,1.76706,0.09342
1.64254,1.75334,-0.12741
1.46014,1.88967,0.34782
1.75659,1.85739,0.47124
1.78082,1.51909,-0.19821
1.20213,1.84671,-0.34014
2.16123,1.40746,0.11077
1.66225,1.86569,-0.11868
1.66566,1.70821,-0.55665
1.64152,1.83997,-0.11266
1.87475,1.48253,0.78102
1.64204,2.12356,0.00175
2.39468,1.94192,-0.23213
1.99243,0.65845,-0.46077
1.75498,2.49007,-1.13795
1.72993,1.93901,-0.27751
1.89911,1.64084,0.22565
1.92247,1.75919,-0.04189
1.87797,1.79963,-0.00873
2.02544,1.61296,-0.25126
1.57029,1.61588,-0.29642
1.72680,2.12958,-0.47926
1.62946,1.73201,0.38055
2.55487,1.82835,-0.10527
1.72612,1.76947,-0.08400
1.29899,1.81075,-0.06283
1.96599,1.50065,0.63705
1.74690,1.56423,0.05411
1.69444,1.78894,0.86811
1.78957,2.20148,0.19199
2.02270,1.67662,0.02772
1.52632,1.63326,-0.26852
1.57253,1.72095,0.07156
1.66676,1.97486,0.08666
1.49218,2.09951,0.00873
1.76173,1.81033,-0.31590
1.83647,1.38691,0.51138
1.21032,1.78546,0.09948
1.70792,1.17686,0.20549
1.63723,1.65114,-0.18675
1.83531,1.68598,0.22904
0.84313,1.83053,0.47473
2.63767,1.78347,0.10472
1.78046,1.34286,0.00175
1.85352,1.52487,0.03665
1.87088,1.26628,0.06366
2.22668,1.66225,-0.02793
1.86784,1.81248,0.30369
1.70590,1.60297,0.02128
1.90411,2.04335,0.00175
2.08108,2.22684,-0.68178
1.95000,1.88172,-0.06807
1.76190,1.61391,-0.46116
1.41416,1.29589,-0.01920
1.90454,1.85541,-0.07502
1.78757,1.56745,0.16736
1.80357,1.76776,0.00175
1.79737,1.49911,0.01600
2.38617,2.06166,0.06458
1.87390,1.87494,0.00698
1.61087,2.01101,0.26354
1.40009,1.75332,-0.96462
2.12647,1.52045,-0.15599
1.81320,1.77667,-1.09607
2.01255,1.44783,-0.10352
1.76706,1.62986,0.18326
1.78473,1.76741,-0.02618
1.58666,2.01255,-0.36826
2.05284,1.64580,0.23702
2.11689,1.59039,0.27950
1.86924,1.51317,-0.30232
1.75709,1.96915,0.06632
2.05377,1.02426,0.07505
1.86880,1.62245,-0.14705
1.90121,1.72892,-0.04538
1.76354,1.85947,0.25030
1.83583,1.67010,0.19729
1.56423,1.80605,-0.16755
1.70571,1.63379,0.75747
1.90268,2.10900,-0.51533
1.78321,1.82772,-0.12176
2.17435,1.78739,0.87209
1.91062,1.61917,0.02190
1.93953,2.03220,-0.34717
1.72892,1.78956,-0.04712
1.77506,1.87551,-0.02618
1.58124,1.61988,-0.04887
2.05388,2.03325,0.96168
2.10740,1.81874,0.05708
1.69248,0.65385,0.04538
1.62986,2.03556,-0.71808
1.59752,1.85235,-0.11345
1.56313,1.76780,0.06807
1.46622,1.72621,-0.09097
2.21952,1.67048,0.11977
2.05233,2.28899,0.45553
1.68701,1.62180,0.30718
2.27031,1.85271,-0.49044
1.81205,1.71001,0.23736
1.57814,1.70207,0.93026
1.64084,2.01913,0.05760
1.87532,1.58828,0.06283
1.57276,1.40352,-0.08576
1.65102,1.77849,0.13963
1.62188,1.19004,0.20889
1.96140,2.36362,0.31225
2.05145,1.70827,0.06540
1.67911,1.38828,-2.04417
1.77454,1.55294,-0.15010
1.95830,1.87657,-0.34878
1.81071,1.87779,0.07156
1.46412,0.94286,0.06658
1.90059,1.90713,-0.23911
1.77961,0.78537,-0.01920
2.02221,1.36190,0.41935
1.63671,1.72322,0.07898
1.54518,1.77507,-0.00741
1.73175,2.02544,0.28966
1.99532,1.73920,-0.09076
1.84098,1.63968,0.27296
1.63941,2.86538,-0.31264
2.32987,2.30419,0.26354
1.50975,1.22478,0.05585
2.13412,1.73069,-0.10385
2.04335,1.66850,0.21468
1.85057,1.77709,0.00524
2.32066,1.83974,-0.09774
1.53327,1.79148,1.06814
1.64896,1.92101,-0.00977
1.71884,1.86610,0.09250
1.77392,1.63136,-0.25795
1.51734,1.79347,-0.09948
2.31930,1.63853,-0.08078
1.58896,1.69027,0.08530
1.02426,1.56792,0.00184
1.84731,1.96140,0.32542
1.70184,1.32955,0.95341
1.81881,1.94422,0.01222
2.37579,1.58188,0.62865
1.56745,1.23958,1.38439
1.79327,1.25510,0.02793
2.09951,1.88094,-0.10297
2.36690,1.75922,-0.30363
0.98797,1.48379,-0.09599
1.93587,1.75498,0.40666
1.68555,2.11560,0.61959
2.22877,1.76581,-0.29671
1.55218,1.53887,-0.00349
1.30306,2.01939,0.01894
2.17227,1.61512,0.19897
1.77423,1.79684,-0.06801
1.47020,1.74098,0.52360
2.32161,1.97997,-1.03867
1.39091,1.57276,0.20304
1.67180,1.51578,0.50764
1.62533,1.63701,0.06109
2.02459,2.32161,0.02269
0.96926,1.68576,0.00175
2.22788,1.98150,-0.24260
1.97544,1.77392,-0.02793
1.88481,1.86786,0.27053
1.87551,1.39091,-0.36974
1.57138,1.88803,-0.02269
1.77891,1.81121,0.21376
2.03325,1.36922,-0.27076
2.04263,1.46412,0.23906
1.60816,2.19620,-0.30856
1.51773,2.39057,0.02443
2.08348,3.41945,0.21696
2.22684,1.77502,0.57776
1.84155,1.57940,0.55422
1.82197,1.63787,0.08645
1.79689,1.24056,0.21642
1.83116,1.76926,0.95853
2.10283,1.73949,-0.13788
1.58559,1.63469,-0.10996
2.22609,1.58575,0.29671
1.97190,1.87682,-0.15708
1.76918,1.47254,0.10647
1.34286,1.62166,0.13060
1.53763,2.24020,-0.21118
1.72672,1.79789,0.10472
1.79148,2.00289,0.10295
1.38856,1.63212,0.05061
2.16968,1.72953,-0.64528
1.94422,2.96257,0.01018
1.77016,1.20687,-0.02443
1.78006,1.24843,-0.02618
1.73582,1.60378,0.18014
1.89218,2.36690,-0.21710
1.78894,1.89844,-0.91911
2.28899,1.80089,0.04363
1.68567,0.89973,0.09473
2.03543,1.54637,-0.00349
1.77121,2.07266,0.23488
1.73210,1.80522,0.22340
1.57920,2.06815,0.37819
1.66213,1.68343,0.70980
1.62556,1.87596,0.24086
1.44613,1.67344,0.08304
3.13509,2.79560,-0.29909
1.53303,1.50846,0.12264
1.62937,1.71131,0.28707
1.85512,1.98802,0.12857
1.84921,1.93483,-0.08220
1.64603,2.10312,-0.48677
1.69923,1.72605,-0.23700
1.96535,1.94414,1.08833
1.80796,1.53303,-0.08727
1.56407,1.75623,-0.06029
1.68576,1.75673,0.36085
1.79684,1.76330,0.26704
1.13547,1.57622,0.03840
2.25877,1.98347,-0.24928
1.90713,1.42821,-0.02269
1.69750,1.94991,-0.53906
1.79138,2.03755,0.12562
1.56531,1.77097,-0.01396
1.73622,1.97551,-0.16070
1.79743,1.95625,0.06109
2.03421,2.02221,0.30369
1.38362,2.06517,0.07821
1.93017,1.51773,-0.21991
1.83649,2.05919,-0.10647
1.20524,1.57702,1.68400
1.59423,1.70378,0.31765
1.84651,1.68701,0.87871
1.80983,1.80995,0.08378
1.84353,1.54868,-0.23213
1.68317,1.74018,0.08903
1.91866,1.68409,0.24086
1.62036,1.84060,0.44756
1.74098,1.97190,0.10067
1.77883,2.12173,0.27227
1.76998,2.33929,0.11121
1.23777,1.79327,0.05934
1.75922,1.79042,0.14380
1.40278,1.63941,-0.31008
2.02576,1.72883,-1.62654
1.88795,1.84375,0.11757
1.89395,1.50318,0.66558
1.62726,1.80539,-0.05236
1.85947,1.70883,0.17453
1.70985,1.89873,-0.09599
1.61243,1.64300,-0.11440
2.62605,1.90411,-0.25140
1.77877,1.89539,-0.13090
1.69839,1.51860,0.45465
1.73187,1.97376,0.00349
2.35099,1.66270,-0.28849
1.82835,1.34615,-0.05236
1.71928,1.74873,0.23659
1.67344,1.80561,-0.06283
1.56140,1.87765,-0.94084
2.49007,1.90268,-1.34267
1.80383,1.50982,-0.03316
1.65832,1.52738,0.01570
1.70378,1.71791,-0.05585
1.94259,1.80831,0.63967
0.89194,2.10701,0.24439
2.25920,2.07349,0.53582
1.88880,2.38617,0.19998
0.98842,1.56593,-0.02618
1.50514,1.81889,0.39868
2.53592,1.82511,0.08581
2.36362,1.93048,0.41630
1.46332,1.69756,0.15708
1.31543,2.16062,0.01745
1.30482,1.58234,0.17123
1.51578,2.64511,-0.63246
1.67943,1.87377,-0.60563
2.05863,1.95578,0.32045
2.11978,1.96086,-0.68695
1.12728,1.71083,-0.95314
1.64193,1.33855,-0.04363
1.81719,1.84098,0.02269
1.54479,2.89742,-0.02269
2.02765,2.07259,-0.01732
1.65708,1.89663,0.08552
1.79732,2.05598,0.37222
1.63178,1.96551,-1.26142
0.81199,1.20597,0.05411
2.12958,1.49525,0.24907
1.22552,0.67540,-0.44368
2.26109,1.84461,0.10613
1.87302,1.65191,0.17762
2.22577,1.71208,0.20071
2.12173,1.42331,-0.12043
1.66127,2.00986,-0.56173
2.39722,2.26953,0.05411
2.30111,1.50346,-0.31099
1.84883,2.07803,0.11358
2.01401,1.60957,0.30691
2.55893,1.52074,1.26898
2.00517,1.65698,0.10605
1.76320,1.30622,-0.21991
2.06047,1.74669,-0.46245
1.55096,1.70985,0.24076
1.51891,1.79691,-0.52883
0.67540,2.25920,0.08195
1.50276,1.12508,0.05411
2.16676,1.59880,0.36446
1.86120,1.62538,-0.10472
1.73580,2.06788,-0.02871
2.24669,1.54784,0.52173
1.42821,2.25877,-0.04109
1.82306,1.57996,0.44157
2.01878,2.19785,-0.02836
1.79112,1.66600,0.24262
1.43554,1.48033,-0.00175
1.61644,1.67199,0.18326
1.72780,1.69917,0.64912
1.55997,0.48151,0.25482
1.38768,2.08993,0.09302
1.38665,1.64673,-0.11519
1.76812,1.52660,0.05934
1.96092,2.01000,0.09774
2.19620,1.75611,-1.17000
1.88730,1.84578,-0.02269
2.09079,1.63978,0.44157
1.50318,2.15522,-0.31883
1.34440,2.04853,-0.24901
1.75334,1.73715,0.02443
2.34591,1.78282,-0.08901
1.67444,1.87390,0.08029
2.19064,1.89895,1.62665
2.11116,2.13412,-0.23038
1.75681,1.30306,-0.09948
1.72240,1.66127,-0.17462
1.51334,1.70135,0.21397
2.09904,1.23613,-0.02793
0.96715,2.03302,-0.23973
1.74956,1.95548,-0.25038
2.07200,2.06466,-0.17726
1.69658,1.64603,0.02094
2.07498,1.77617,0.07505
2.57560,1.74965,0.47837
1.51459,1.45219,0.21417
1.87510,1.77189,0.31940
1.48513,1.97042,1.30027
1.72026,2.16398,0.01396
1.90662,1.92711,0.04014
1.69384,1.16120,-0.06415
2.07051,1.70544,-0.00349
1.89663,2.18606,0.04423
1.55987,1.90454,-0.04712
1.51652,1.34362,-0.43242
1.36922,1.64166,-0.25370
1.41434,2.10004,0.04014
1.52628,1.63215,-0.15067
1.86507,2.16088,-0.65414
1.71568,2.11338,-1.23385
1.77021,1.79630,-0.02269
2.33929,1.81881,0.16272
1.30553,1.92881,0.00175
2.08969,1.66213,0.16407
1.68610,1.63671,0.02259
1.78739,1.51776,0.24246
1.67379,1.76837,0.13602
2.14080,2.00304,-0.03491
2.15897,1.54715,-0.21960
1.78071,1.74582,0.23733
1.72852,1.25956,-0.00524
1.93048,1.75590,0.07468
1.61296,1.79743,-0.02269
1.19004,1.31543,-0.04363
1.98150,1.89532,0.00175
1.48033,1.80709,0.10038
1.75715,1.95545,-0.11345
1.72844,1.50975,0.18921
1.75666,1.71101,-0.59442
2.06396,2.25920,0.06109
1.78347,2.63767,-0.12043
1.63853,1.46622,0.17440
2.07804,1.78957,0.05163
0.65845,1.28850,-0.20069
1.93119,1.73670,-0.13240
1.71101,1.90761,-0.08652
0.50722,1.21032,0.21293
1.62539,1.85345,0.19548
1.78564,2.21460,-0.27027
1.94721,1.86889,-0.09409
2.02167,1.74062,-0.12319
1.79350,1.64884,0.23562
1.90692,1.64247,-0.18232
2.10620,2.81903,-0.12964
1.87761,0.94302,0.10472
1.81484,0.74806,-0.19305
1.41930,1.48367,-0.02793
1.68469,1.67180,-0.11868
1.91656,1.82919,0.03996
1.57622,1.58734,-0.29780
1.57736,1.45575,-0.12741
1.64166,1.63540,0.42937
1.67176,1.71144,0.09076
1.56294,1.95942,-0.10357
1.38568,1.73397,0.37699
1.73503,1.63178,0.17026
1.31848,1.82197,-0.12957
1.50744,1.74690,0.02443
1.55956,1.76812,0.08901
1.89688,1.55090,-0.03491
1.76222,2.58485,-0.29099
2.06067,1.98000,0.12217
1.84028,1.90498,0.32758
-0.15018,2.14080,-0.00524
2.12080,2.04165,-0.53622
1.72260,1.85628,1.07687
1.55352,1.88481,-0.10401
2.04804,1.04592,-0.12985
1.28850,1.96890,0.16093
1.63288,1.59919,-0.02443
2.01045,1.69839,0.26878
1.47742,1.65522,0.06632
1.55765,1.85912,-0.13090
1.70544,1.41416,0.07505
2.10369,0.74244,-0.10472
1.40639,1.87446,-0.11694
1.40097,1.87899,-0.32415
1.89895,2.36151,-0.42062
1.61546,1.56140,-0.14312
1.73904,1.62946,-0.43870
1.56635,1.73156,0.32164
1.92303,2.45923,0.02085
1.88331,1.86900,-0.07854
1.92870,1.64620,0.20595
1.29589,0.41453,0.02443
1.81033,1.76236,-0.16444
1.60435,1.82172,0.45527
1.88172,2.03950,-0.00524
1.84724,1.37427,-0.59536
1.56582,1.76265,0.67213
1.63339,1.80905,-1.00480
1.65067,1.89911,-0.03795
1.52487,1.68567,-0.02967
1.59717,2.09825,-0.03491
1.48227,1.73246,0.34383
1.59450,1.60435,0.26686
1.48591,1.82175,-0.15010
1.49911,2.55487,-0.35724
1.48739,2.04183,0.15226
1.74133,1.89688,0.08746
1.73670,1.44613,-0.24260
1.61917,1.52632,-0.11170
1.94474,1.94835,-0.17110
1.62840,1.87088,0.29357
1.73201,1.80811,0.40841
1.84898,1.77610,-0.01571
1.86226,1.94264,-0.16014
1.55892,1.48125,0.05934
1.96351,1.83107,-0.16966
2.05276,1.64457,0.10123
2.03321,1.86892,0.02329
1.96399,1.95000,-0.28577
1.97042,1.57285,-0.19199
2.07349,1.75411,1.27997
1.89457,1.64193,0.44680
1.66270,1.59717,-0.11814
1.64412,1.82306,-0.27937
1.08247,1.61788,0.06622
1.63212,2.10283,-0.37874
2.33564,1.50580,0.05411
2.11775,1.86257,0.10297
1.66653,1.80383,-0.04175
1.74629,1.89495,0.21358
1.83974,1.57029,-0.06632
1.63469,2.14259,-0.12043
1.63794,1.66346,-0.12043
2.00842,2.22788,0.31192
1.93010,1.57814,0.06283
1.80947,1.76671,-0.02793
1.73397,1.46484,-0.64577
1.45628,1.73996,0.00524
1.38198,1.28502,-0.37001
1.48233,1.76908,0.02470
1.87657,1.48591,0.03491
1.80973,1.73305,-0.87942
1.22431,2.11116,0.46504
1.76086,1.40074,-0.36303
1.65109,2.25027,0.09278
2.17834,1.35521,0.20218
1.75680,2.06241,-0.02793
1.63379,1.77806,0.08378
1.85044,1.70823,-0.17004
2.28163,1.73980,-0.21847
1.71071,2.12647,-0.13788
1.79022,1.57200,0.05019
1.85351,1.89224,0.03840
1.67650,1.98129,-0.03491
2.03410,1.67488,-0.19205
1.45219,1.84990,0.23387
1.95625,1.65877,0.19269
1.85235,1.52628,-0.51138
1.82689,1.90805,0.23003
1.65522,1.50323,0.12681
1.63701,1.23031,-0.13265
2.24389,1.89514,-0.14408
1.86795,1.80799,-0.10449
1.85646,1.75681,1.09527
1.88682,1.95244,-0.10618
1.83335,2.23446,0.46586
1.92855,1.97164,-0.08203
1.88886,1.62556,-0.12217
1.73226,1.97117,0.10576
1.98521,1.70366,-0.57078
1.62953,1.89066,0.32271
1.86610,1.95878,0.28972
1.59979,1.93010,-0.14139
1.76265,2.09783,0.19836
1.47018,1.51334,-0.49449
1.76908,2.01873,-0.02400
2.14687,1.77630,0.16441
2.25899,2.56256,-0.00349
1.89532,1.66187,0.05904
1.95021,2.02310,-0.98903
1.80561,1.94191,-0.48744
1.49657,1.79650,0.17572
1.65048,1.62937,0.07854
1.92073,1.58708,0.07828
1.75411,1.71685,-0.09988
1.87899,1.74107,0.24232
1.97164,1.63339,0.36812
1.93216,1.91867,-0.47522
1.77189,1.67888,-0.10908
1.47021,1.98723,0.06458
2.21847,2.48225,0.04712
1.10043,1.72993,0.31206
2.26953,1.68578,-0.07908
1.74107,1.97166,0.25163
1.83116,1.48233,0.07457
1.72427,2.50378,-0.51058
1.56408,1.92197,0.17977
1.88720,1.78297,0.09076
2.23823,1.59423,0.01440
1.84328,1.56288,0.08492
1.85382,2.05284,0.25851
1.93901,2.05863,0.29608
1.73882,1.89491,-0.13788
1.61596,2.25899,0.13614
1.80944,1.51459,0.07156
1.64353,1.75686,-0.51647
2.07983,2.79592,0.00290
1.77429,1.78323,0.27227
1.80930,1.83647,0.30804
1.78208,1.61028,0.05585
1.53563,1.80850,-0.13265
1.74883,1.88082,0.05061
1.93483,1.84328,-0.13090
1.63799,1.72928,-0.23134
1.76297,1.58126,-0.28056
1.92101,2.82889,-0.38939
2.28132,1.66114,0.06807
1.85232,1.68180,0.05823
1.81226,1.83649,-0.00048
1.96086,1.83633,-0.13701
1.67443,2.37804,0.02607
1.73980,2.11713,0.05532
1.20795,1.84155,0.07505
1.68867,1.66855,-0.05236
2.00885,0.31031,0.14979
1.64500,1.80491,-0.39156
1.51317,1.88676,-0.45902
1.97639,1.41291,0.66504
1.65296,1.71568,-1.06877
0.31031,1.93953,-0.10114
1.86956,1.78071,-0.06632
1.17895,1.35288,0.05585
1.80193,1.84883,-0.07117
1.96890,1.88797,-0.21603
1.53692,1.84356,0.10571
1.94991,1.47640,0.13788
1.78960,1.66811,0.08677
1.73920,1.56313,-0.12577
2.05251,1.48147,-0.10652
1.44130,1.72218,0.25307
1.84115,1.93587,0.05503
1.65213,2.10369,0.10647
1.89844,1.94401,-0.10580
1.90446,1.69444,0.50763
1.96371,1.11103,-0.35158
1.64247,1.95569,0.04584
1.67662,1.64018,0.00504
1.87054,1.47018,-0.06458
1.80863,1.74066,-0.10472
2.32284,1.99932,-0.08203
1.23256,1.79955,-0.11030
1.52159,1.76943,-0.49976
1.57702,1.72900,-0.23562
1.83981,1.79765,0.18470
1.88676,1.77965,0.06632
1.34362,1.67662,0.17993
1.82405,2.07498,-0.02130
1.91261,1.60309,-0.02793
1.88131,1.88131,-0.03350
1.77228,1.78757,-0.01396
1.59880,1.08247,0.00175
1.60791,1.55445,-0.10534
1.71685,0.64379,-0.03602
1.81451,1.64330,-0.20343
1.72808,1.61165,-0.13027
1.73619,1.92024,-0.22712
1.86657,1.75766,0.08997
1.40254,1.92664,-0.08690
1.65410,1.83303,-0.31360
1.92058,1.79350,-0.12217
1.72605,1.50908,0.00349
1.23526,1.79529,-0.13519
1.88848,2.12376,-1.18805
1.81494,1.13547,0.06302
1.88094,1.50396,-0.24326
1.73519,2.05388,-0.09076
1.74865,2.18649,0.09774
2.03302,1.50945,0.15561
2.07803,1.62393,0.41563
1.62657,1.62724,0.04014
1.84060,1.40097,-0.05250
1.58704,2.08108,0.10821
1.66157,1.64500,-0.26878
2.10004,1.62533,1.14276
1.94414,0.77006,0.00000
1.40352,1.87172,0.05764
1.70366,2.01128,0.19747
1.93202,1.90697,0.27917
1.94192,2.18716,-0.22662
1.75106,1.64193,-0.11868
2.03123,1.89218,-0.02443
1.37427,1.66185,0.39202
1.25131,1.80930,-0.46808
1.63326,1.56912,0.07330
2.08719,1.66695,0.58818
1.72670,1.90662,0.43808
2.00289,2.09079,-0.08727
1.80472,1.66663,-0.05760
1.32036,1.90446,0.53010
1.83866,1.79732,0.51138
2.12696,1.73194,-0.17129
1.81005,1.78124,0.24086
1.52455,1.54518,0.01471
1.70224,1.77202,0.11100
1.39687,1.63103,0.11519
1.83633,1.61558,-0.12566
1.42083,1.90608,0.16015
1.40117,1.64863,-0.06458
1.40690,2.02765,0.21293
1.70576,1.76190,0.03840
0.85337,1.47742,0.02064
1.79765,1.59752,0.67838
2.06789,2.02660,0.14835
1.77849,1.94254,0.23621
1.66947,1.85794,-0.04119
1.71882,2.00306,-0.47740
2.26813,1.20524,0.31940
1.45305,1.69520,0.26463
2.23399,1.57736,0.15311
1.26455,1.63563,-0.03014
1.74187,1.72026,0.17848
1.99929,2.09904,-0.25148
1.67488,1.62477,-0.05324
1.58441,1.43280,-0.24085
1.78311,1.59467,0.06391
1.12380,2.03543,0.10312
1.87494,1.70459,0.32567
1.54409,1.97600,0.00000
2.10761,1.68141,0.01396
2.10701,1.84953,0.00054
2.00459,3.58880,-1.39985
1.94191,2.01878,0.05061
1.76490,1.82918,0.47822
1.58491,2.23911,-0.19722
1.86569,1.63010,-0.12217
1.83403,1.98879,-0.61611
1.66491,1.71071,0.26133
1.22478,1.43135,-0.11965
1.90465,1.65035,0.38269
1.67048,1.73619,-0.01047
1.76303,1.62154,-0.13963
2.22230,1.75378,-0.14633
2.07830,2.14997,0.15452
1.94592,1.77101,-0.02778
1.80539,1.45256,-0.03491
1.92083,1.74865,0.10558
1.71119,0.78612,0.21293
2.27096,1.96540,-0.06109
2.15529,1.78564,-0.23944
2.00306,1.88021,0.21468
1.83612,1.65067,-0.02481
2.15522,1.67650,-0.24953
1.64644,1.69248,-0.01920
1.98048,2.42468,0.29845
1.23031,2.02874,0.04747
1.88021,1.63276,-0.09807
1.81154,2.00459,-0.28069
1.63540,1.24430,0.03604
1.44859,1.55892,0.07431
1.98129,2.28343,-0.14137
1.59467,1.84705,0.05760
1.55822,1.89316,0.56859
1.85152,1.65849,0.61824
1.77014,1.74427,0.07854
1.42776,1.66217,-0.12611
1.84578,1.21427,0.24784
1.36688,1.51743,0.12915
1.73996,1.80569,-0.10821
1.84641,2.17828,0.25046
0.93736,1.12380,-0.11170
2.58485,1.73278,-0.01222
1.68044,1.62078,-0.07693
1.58234,2.10360,-0.35762
2.53121,1.45628,0.21251
1.94204,1.69088,-0.27319
1.65106,1.66802,0.37723
0.74806,1.95831,-0.11170
1.90514,1.52159,0.12254
2.23446,1.59207,-0.07958
1.85228,1.61087,0.13090
1.83221,1.58124,-0.31067
1.85529,2.00673,0.00256
1.69203,1.78321,0.01745
1.58575,1.87109,0.00175
1.90805,2.10914,0.63327
1.64188,1.83157,0.29367
2.03950,1.90027,-0.13568
1.82186,1.71498,0.45500
2.07266,1.84908,0.24609
2.20334,2.03186,0.23911
2.06241,2.06789,0.24086
1.11103,2.08297,-0.02094
1.68375,1.71806,0.06981
2.43097,1.84322,0.07349
1.76811,1.66566,-0.31241
1.81717,1.87989,0.28547
1.96551,2.14519,-0.09599
1.81121,1.77540,0.30449
1.56593,1.73175,0.04712
1.91835,1.78961,-0.27645
1.77507,1.73931,-0.40565
1.78147,2.01045,0.32987
1.88661,1.84498,0.22020
2.21460,1.22431,-0.13788
1.74780,1.61971,-0.07505
1.04784,2.29141,-0.01249
1.97489,1.81469,-0.18167
1.79510,1.68519,0.06632
1.69175,1.61546,-0.17977
2.28523,1.38207,0.18242
2.79560,1.96399,-0.18675
1.78323,1.86116,0.15443
1.70394,1.76099,-0.22617
1.62297,2.32284,-1.16763
2.25920,1.87475,-0.31940
1.62262,2.03410,-0.06283
1.63136,1.81154,0.02093
2.11831,1.62542,0.30243
1.59269,1.73762,-0.08901
2.22360,1.88708,-0.34330
1.60297,2.06396,0.04309
0.90148,1.50514,0.12217
2.06408,2.21414,-0.02269
1.80995,1.88116,0.13265
2.07259,2.08323,0.03665
1.75712,1.83116,-0.12928
1.61322,0.93609,0.26704
1.67131,1.92303,-0.23887
1.61588,2.05927,-0.62886
1.67885,1.68555,0.10545
1.50569,1.79693,0.37580
1.70827,1.95115,0.07505
1.73040,2.07051,-0.00349
1.66187,2.21935,0.24435
1.66802,2.10939,-0.08029
1.78960,1.62726,-0.19355
2.97508,1.51652,0.01222
1.28502,1.67408,0.16565
1.82466,1.90192,0.28117
1.73498,2.04643,-0.02443
2.02299,1.87409,0.24082
1.20097,1.59733,-0.01433
1.21056,1.29389,-0.05949
1.83972,1.55956,0.20944
1.77099,1.86120,0.42449
1.89539,2.17435,-0.47647
1.46776,1.98852,-0.06212
2.20148,1.73882,0.38746
2.10360,1.63991,-1.57769
1.77181,2.10761,-0.02094
2.04446,1.51734,0.02793
1.63290,1.73084,0.54280
1.90120,1.90470,-0.00479
0.74244,2.00779,-0.28928
2.48225,1.77606,0.63705
1.33915,2.39722,0.02143
2.00469,1.66903,0.34383
1.89495,1.83972,0.19590
0.77006,1.71574,-0.25482
1.82524,1.48803,0.30928
1.58188,3.16389,-0.07505
2.45395,1.87332,-0.55382
1.77797,1.97453,-0.00063
1.55564,1.94547,0.24078
2.08616,1.80863,-0.17104
2.12356,1.78473,0.91281
1.97997,2.23823,-0.13788
1.86116,1.87737,-0.04538
1.69589,1.64875,-0.68591
1.98879,1.77753,-0.07156
1.50908,1.92083,0.00000
1.84498,1.38198,0.19292
